{
  "mean": [
    22.809717307745448,
    4.559716978773408,
    0.042913744846652974,
    3.7172558974645473
  ],
  "scale": [
    34.199918850429,
    2.1179730240072883,
    0.2154650514720393,
    0.3026885342240704
  ]
}